{ "data" : 
   {
        
  "description" : "U.S Nuclear Tests (Cumulative)",
  "xlabel" : "year",
  "ylabel" : "cumulative tests",

  "number_of_loglets" : 2,
 
  "constraints" : {
     "alow0" : 10,
     "ahigh0" : 30,
     "klow0" : 600,
     "khigh0" : 800,
     "blow0" : 1950,
     "bhigh0" : 1970,

     "alow1" : 10,
     "ahigh1" : 30,
     "klow1" : 200,
     "khigh1" : 400,
     "blow1" : 1970,
     "bhigh1" : 2000
  },       


  "MCiter" : 3e3,
  "annealparam" : 10,
  "anneal_iter" : 5,


  "x" : [ 
1.9450000000e+03 , 
1.9460000000e+03 , 
1.9470000000e+03 , 
1.9480000000e+03 , 
1.9490000000e+03 , 
1.9500000000e+03 , 
1.9510000000e+03 , 
1.9520000000e+03 , 
1.9530000000e+03 , 
1.9540000000e+03 , 
1.9550000000e+03 , 
1.9560000000e+03 , 
1.9570000000e+03 , 
1.9580000000e+03 , 
1.9590000000e+03 , 
1.9600000000e+03 , 
1.9610000000e+03 , 
1.9620000000e+03 , 
1.9630000000e+03 , 
1.9640000000e+03 , 
1.9650000000e+03 , 
1.9660000000e+03 , 
1.9670000000e+03 , 
1.9680000000e+03 , 
1.9690000000e+03 , 
1.9700000000e+03 , 
1.9710000000e+03 , 
1.9720000000e+03 , 
1.9730000000e+03 , 
1.9740000000e+03 , 
1.9750000000e+03 , 
1.9760000000e+03 , 
1.9770000000e+03 , 
1.9780000000e+03 , 
1.9790000000e+03 , 
1.9800000000e+03 , 
1.9810000000e+03 , 
1.9820000000e+03 , 
1.9830000000e+03 , 
1.9840000000e+03 , 
1.9850000000e+03 , 
1.9860000000e+03 , 
1.9870000000e+03 , 
1.9880000000e+03 , 
1.9890000000e+03 , 
1.9900000000e+03 , 
1.9910000000e+03  
], 
 "y" : [ 
3.0000000000e+00 , 
5.0000000000e+00 , 
5.0000000000e+00 , 
8.0000000000e+00 , 
8.0000000000e+00 , 
8.0000000000e+00 , 
2.4000000000e+01 , 
3.4000000000e+01 , 
4.5000000000e+01 , 
5.1000000000e+01 , 
6.9000000000e+01 , 
8.7000000000e+01 , 
1.1900000000e+02 , 
1.9600000000e+02 , 
1.9600000000e+02 , 
1.9600000000e+02 , 
2.0600000000e+02 , 
3.0200000000e+02 , 
3.4600000000e+02 , 
3.8400000000e+02 , 
4.2000000000e+02 , 
4.6300000000e+02 , 
4.9700000000e+02 , 
5.4200000000e+02 , 
5.8000000000e+02 , 
6.1500000000e+02 , 
6.3200000000e+02 , 
6.5000000000e+02 , 
6.6600000000e+02 , 
6.8000000000e+02 , 
7.0000000000e+02 , 
7.1800000000e+02 , 
7.3700000000e+02 , 
7.5400000000e+02 , 
7.6900000000e+02 , 
7.8300000000e+02 , 
7.9900000000e+02 , 
8.1700000000e+02 , 
8.3400000000e+02 , 
8.5100000000e+02 , 
8.6800000000e+02 , 
8.8200000000e+02 , 
8.9600000000e+02 , 
9.1000000000e+02 , 
9.2100000000e+02 , 
9.2900000000e+02 , 
9.3600000000e+02  
] 
}
}


