{ "data" : {
   
  "description" : " Cumulative Paintings of Rembrandt",
  "xlabel" : "year",
  "ylabel" : "cumulative paintings",

   "reference" : "REMBRANDT, H. Van Rijn(1606-1669), Paintings, REMBRANDT Catalogo Completo, by Leonard J. Slatke,  Cantini, Firenze, Italy , 1992",
   
   "number_of_loglets" : 2,

   "constraints" : {
        
     "alow0" : 5,
     "ahigh0" : 15,
     "klow0" : 150,
     "khigh0" : 200,
     "blow0" : 1620,
     "bhigh0" : 1640,

     "alow1" : 10,
     "ahigh1" : 30,
     "klow1" : 100,
     "khigh1" : 200,
     "blow1" : 1640,
     "bhigh1" : 1680  },       


  "MCiter" : 3e3,
  "annealparam" : 10,
  "anneal_iter" : 5,
       
        
        

  "x" : [ 
1.6250000000e+03 , 
1.6260000000e+03 , 
1.6270000000e+03 , 
1.6280000000e+03 , 
1.6290000000e+03 , 
1.6300000000e+03 , 
1.6310000000e+03 , 
1.6320000000e+03 , 
1.6330000000e+03 , 
1.6340000000e+03 , 
1.6350000000e+03 , 
1.6360000000e+03 , 
1.6370000000e+03 , 
1.6380000000e+03 , 
1.6390000000e+03 , 
1.6400000000e+03 , 
1.6410000000e+03 , 
1.6420000000e+03 , 
1.6430000000e+03 , 
1.6440000000e+03 , 
1.6450000000e+03 , 
1.6460000000e+03 , 
1.6470000000e+03 , 
1.6480000000e+03 , 
1.6490000000e+03 , 
1.6500000000e+03 , 
1.6510000000e+03 , 
1.6520000000e+03 , 
1.6530000000e+03 , 
1.6540000000e+03 , 
1.6550000000e+03 , 
1.6560000000e+03 , 
1.6570000000e+03 , 
1.6580000000e+03 , 
1.6590000000e+03 , 
1.6600000000e+03 , 
1.6610000000e+03 , 
1.6620000000e+03 , 
1.6630000000e+03 , 
1.6640000000e+03 , 
1.6650000000e+03 , 
1.6660000000e+03 , 
1.6670000000e+03 , 
1.6680000000e+03 , 
1.6690000000e+03  
], 
 "y" : [ 
1.0000000000e+00 , 
7.0000000000e+00 , 
1.1000000000e+01 , 
1.6000000000e+01 , 
2.5000000000e+01 , 
3.2000000000e+01 , 
5.2000000000e+01 , 
7.5000000000e+01 , 
9.8000000000e+01 , 
1.1900000000e+02 , 
1.3600000000e+02 , 
1.4100000000e+02 , 
1.4300000000e+02 , 
1.4900000000e+02 , 
1.5500000000e+02 , 
1.6300000000e+02 , 
1.6800000000e+02 , 
1.7200000000e+02 , 
1.7500000000e+02 , 
1.7600000000e+02 , 
1.8400000000e+02 , 
1.9000000000e+02 , 
1.9700000000e+02 , 
1.9900000000e+02 , 
1.9900000000e+02 , 
2.0000000000e+02 , 
2.0400000000e+02 , 
2.0800000000e+02 , 
2.1000000000e+02 , 
2.2100000000e+02 , 
2.3000000000e+02 , 
2.3500000000e+02 , 
2.3900000000e+02 , 
2.4300000000e+02 , 
2.5500000000e+02 , 
2.6900000000e+02 , 
2.8400000000e+02 , 
2.9200000000e+02 , 
2.9500000000e+02 , 
2.9800000000e+02 , 
3.0300000000e+02 , 
3.0700000000e+02 , 
3.1000000000e+02 , 
3.1000000000e+02 , 
3.1400000000e+02  
] 
} } 
