{ "data" : {

  "description" : "United States Population",
  "xlabel" : "year",
  "ylabel" : "population in millions",

  "number_of_loglets" : 1,

   "constraints" : {
    "alow0" : 300,
    "ahigh0" : 700,
    "klow0" : 200,
    "khigh0": 800,
    "blow0" : 1930,
    "bhigh0" : 2050  },

  "MCiter" : 6e3,
  "annealparam" : 15,
  "anneal_iter" : 3,

  "reference" : "US Statistical Abstracts online",

  "x" : [ 
1.7900000000e+03 , 
1.8000000000e+03 , 
1.8100000000e+03 , 
1.8200000000e+03 , 
1.8300000000e+03 , 
1.8400000000e+03 , 
1.8500000000e+03 , 
1.8600000000e+03 , 
1.8700000000e+03 , 
1.8800000000e+03 , 
1.8900000000e+03 , 
1.9000000000e+03 , 
1.9100000000e+03 , 
1.9200000000e+03 , 
1.9300000000e+03 , 
1.9400000000e+03 , 
1.9500000000e+03 , 
1.9600000000e+03 , 
1.9700000000e+03 , 
1.9800000000e+03 , 
1.9900000000e+03 , 
2.0000000000e+03 , 
2.0060000000e+03  
], 
 "y" : [ 
3.9292140000e+00 , 
5.3084830000e+00 , 
7.2398810000e+00 , 
9.6384530000e+00 , 
1.2866020000e+01 , 
1.7069453000e+01 , 
2.3191876000e+01 , 
3.1443321000e+01 , 
3.9818449000e+01 , 
5.0189209000e+01 , 
6.2979766000e+01 , 
7.6212168000e+01 , 
9.2228496000e+01 , 
1.0602153700e+02 , 
1.2320262400e+02 , 
1.3216456900e+02 , 
1.5132579800e+02 , 
1.7932317500e+02 , 
2.0330203100e+02 , 
2.2654219900e+02 , 
2.4871830200e+02 , 
2.8142460300e+02 , 
2.9939848400e+02  
] 
} } 
