{ "data" : {

  "description" : "Van Gogh - Cumulative Paintings",
  "xlabel" : "Year",
  "ylabel" : "Paintings",

  "reference" : " Source: Giovanni Testori and Luisa Arrigoni, Van Gogh-Catalogo Completo dei Dipinti, Cantini Editore, Firenze, Italy, 1990.",

  "number_of_loglets" : 1,

   "constraints" : {
    "alow0" : 4,
    "ahigh0" : 10,
    "klow0" : 800,
    "khigh0": 1200,
    "blow0" : 1880,
    "bhigh0" : 1900
  },

  "MCiter" : 5e3,
  "annealparam" : 20,
  "anneal_iter" : 3,

  "x" : [ 
1.8810000000e+03 , 
1.8820000000e+03 , 
1.8830000000e+03 , 
1.8840000000e+03 , 
1.8850000000e+03 , 
1.8860000000e+03 , 
1.8870000000e+03 , 
1.8880000000e+03 , 
1.8890000000e+03 , 
1.8900000000e+03  
], 
 "y" : [ 
2.0000000000e+00 , 
1.3000000000e+01 , 
3.5000000000e+01 , 
8.9000000000e+01 , 
2.3100000000e+02 , 
3.3400000000e+02 , 
4.6000000000e+02 , 
6.1700000000e+02 , 
7.5700000000e+02 , 
8.6900000000e+02  
] 
} } 
