{ "data" : {

  "description" : "Example Downward data set",
  "xlabel" : "t",
  "ylabel" : "y",

  "number_of_loglets" : 1,

   "constraints" : {
    "alow0" : -30,
    "ahigh0" : -70,
    "klow0" : 50,
    "khigh0": 150,
    "blow0" : 1930,
    "bhigh0" : 1970  },

  "MCiter" : 5e3,
  "annealparam" : 20,
  "anneal_iter" : 3,


  "x" : [ 
1.9000000000e+03 , 
1.9050000000e+03 , 
1.9100000000e+03 , 
1.9150000000e+03 , 
1.9200000000e+03 , 
1.9250000000e+03 , 
1.9300000000e+03 , 
1.9350000000e+03 , 
1.9400000000e+03 , 
1.9450000000e+03 , 
1.9500000000e+03 , 
1.9550000000e+03 , 
1.9600000000e+03 , 
1.9650000000e+03 , 
1.9700000000e+03 , 
1.9750000000e+03 , 
1.9800000000e+03 , 
1.9850000000e+03 , 
1.9900000000e+03 , 
1.9950000000e+03 , 
2.0000000000e+03  
], 
 "y" : [ 
1.0027031000e+02 , 
9.9973530000e+01 , 
9.5802786000e+01 , 
9.6307084000e+01 , 
9.2136000000e+01 , 
9.1188589000e+01 , 
8.4393694000e+01 , 
7.9953622000e+01 , 
6.9901255000e+01 , 
6.1400047000e+01 , 
4.8213322000e+01 , 
4.1003512000e+01 , 
2.7436063000e+01 , 
2.2619535000e+01 , 
1.2862150000e+01 , 
8.5023944000e+00 , 
5.9094107000e+00 , 
6.3791353000e+00 , 
1.0969889000e+00 , 
3.2482767000e+00 , 
-6.6191485000e-01  
] 
} } 
