{ "data" : {
  "description" : "Alfred J. Lotka (1880-1949), Number of Published Papers",
  "reference" : "Elements of Mathematical Biology, Dover, NY, 1956.",
  "xlabel" : "year",
  "ylabel" : "cumulative publications",

  "number_of_loglets" : 1,
  "constraints" : {
   "alow0" : 10,
   "ahigh0" : 120,
   "klow0" : 50,
   "khigh0" : 150,
   "blow0" : 1900,
   "bhigh0" : 1950  }, 

  "MCiter" : 2e3,
  "annealparam" : 20,
  "anneal_iter" : 3,

  "x" : [ 
1.9070000000e+03 , 
1.9090000000e+03 , 
1.9100000000e+03 , 
1.9110000000e+03 , 
1.9120000000e+03 , 
1.9130000000e+03 , 
1.9140000000e+03 , 
1.9150000000e+03 , 
1.9160000000e+03 , 
1.9180000000e+03 , 
1.9190000000e+03 , 
1.9200000000e+03 , 
1.9210000000e+03 , 
1.9220000000e+03 , 
1.9230000000e+03 , 
1.9240000000e+03 , 
1.9250000000e+03 , 
1.9260000000e+03 , 
1.9270000000e+03 , 
1.9280000000e+03 , 
1.9290000000e+03 , 
1.9300000000e+03 , 
1.9310000000e+03 , 
1.9320000000e+03 , 
1.9330000000e+03 , 
1.9340000000e+03 , 
1.9350000000e+03 , 
1.9360000000e+03 , 
1.9370000000e+03 , 
1.9380000000e+03 , 
1.9390000000e+03 , 
1.9400000000e+03 , 
1.9410000000e+03 , 
1.9420000000e+03 , 
1.9430000000e+03 , 
1.9440000000e+03 , 
1.9450000000e+03 , 
1.9470000000e+03 , 
1.9480000000e+03  
], 
 "y" : [ 
3.0000000000e+00 , 
4.0000000000e+00 , 
6.0000000000e+00 , 
9.0000000000e+00 , 
1.3000000000e+01 , 
1.4000000000e+01 , 
1.5000000000e+01 , 
1.6000000000e+01 , 
1.7000000000e+01 , 
1.8000000000e+01 , 
1.9000000000e+01 , 
2.3000000000e+01 , 
2.6000000000e+01 , 
3.0000000000e+01 , 
3.4000000000e+01 , 
3.8000000000e+01 , 
4.2000000000e+01 , 
4.4000000000e+01 , 
4.7000000000e+01 , 
5.0000000000e+01 , 
5.3000000000e+01 , 
5.6000000000e+01 , 
6.1000000000e+01 , 
6.3000000000e+01 , 
6.6000000000e+01 , 
6.7000000000e+01 , 
6.8000000000e+01 , 
7.1000000000e+01 , 
7.5000000000e+01 , 
7.6000000000e+01 , 
7.9000000000e+01 , 
8.3000000000e+01 , 
8.4000000000e+01 , 
8.5000000000e+01 , 
8.6000000000e+01 , 
8.8000000000e+01 , 
9.1000000000e+01 , 
9.2000000000e+01 , 
9.4000000000e+01  
] 
} } 
