{ "data" : {

  "description" : "Growth of a Sunflower",
  "xlabel" : "days",
  "ylabel" : "height in cm",

  "number_of_loglets" : 1,

   "constraints" : {
    "alow0" : 40,
    "ahigh0" : 60,
    "klow0" : 200,
    "khigh0": 400,
    "blow0" : 1, 
    "bhigh0" : 84 },

  "MCiter" : 5e3,
  "annealparam" : 20,
  "anneal_iter" : 3,


  "x" : [ 
7.0000000000e+00 , 
1.4000000000e+01 , 
2.1000000000e+01 , 
2.8000000000e+01 , 
3.5000000000e+01 , 
4.2000000000e+01 , 
4.9000000000e+01 , 
5.6000000000e+01 , 
6.3000000000e+01 , 
7.0000000000e+01 , 
7.7000000000e+01 , 
8.4000000000e+01  
], 

 "y" : [ 
1.7930000000e+01 , 
3.6360000000e+01 , 
6.7760000000e+01 , 
9.8100000000e+01 , 
1.3100000000e+02 , 
1.6950000000e+02 , 
2.0550000000e+02 , 
2.2830000000e+02 , 
2.4710000000e+02 , 
2.5050000000e+02 , 
2.5380000000e+02 , 
2.5450000000e+02  
] 
} } 
