{ "data" : {

 "description" : "U.S. Universities",
 "xlabel" : "Year",
 "ylabel" : "#",

 "number_of_loglets" : 2,
 
  "constraints" : {
     "alow0" : 50,
     "ahigh0" : 150,
     "klow0" : 400,
     "khigh0" : 800,
     "blow0" : 1850,
     "bhigh0" : 1900,

     "alow1" : 5,
     "ahigh1" : 20,
     "klow1" : 40,
     "khigh1" : 80,
     "blow1" : 1960,
     "bhigh1" : 1970
  },       


  "MCiter" : 5e3,
  "annealparam" : 15,
  "anneal_iter" : 4,



  "x" : [ 
1.8010000000e+03 , 
1.8040000000e+03 , 
1.8070000000e+03 , 
1.8090000000e+03 , 
1.8160000000e+03 , 
1.8170000000e+03 , 
1.8180000000e+03 , 
1.8190000000e+03 , 
1.8200000000e+03 , 
1.8210000000e+03 , 
1.8240000000e+03 , 
1.8250000000e+03 , 
1.8260000000e+03 , 
1.8280000000e+03 , 
1.8300000000e+03 , 
1.8310000000e+03 , 
1.8330000000e+03 , 
1.8340000000e+03 , 
1.8360000000e+03 , 
1.8370000000e+03 , 
1.8380000000e+03 , 
1.8390000000e+03 , 
1.8400000000e+03 , 
1.8410000000e+03 , 
1.8420000000e+03 , 
1.8440000000e+03 , 
1.8450000000e+03 , 
1.8460000000e+03 , 
1.8470000000e+03 , 
1.8490000000e+03 , 
1.8500000000e+03 , 
1.8510000000e+03 , 
1.8520000000e+03 , 
1.8530000000e+03 , 
1.8540000000e+03 , 
1.8550000000e+03 , 
1.8560000000e+03 , 
1.8570000000e+03 , 
1.8580000000e+03 , 
1.8590000000e+03 , 
1.8600000000e+03 , 
1.8610000000e+03 , 
1.8620000000e+03 , 
1.8630000000e+03 , 
1.8640000000e+03 , 
1.8650000000e+03 , 
1.8660000000e+03 , 
1.8670000000e+03 , 
1.8680000000e+03 , 
1.8690000000e+03 , 
1.8700000000e+03 , 
1.8710000000e+03 , 
1.8720000000e+03 , 
1.8730000000e+03 , 
1.8740000000e+03 , 
1.8750000000e+03 , 
1.8760000000e+03 , 
1.8770000000e+03 , 
1.8780000000e+03 , 
1.8790000000e+03 , 
1.8810000000e+03 , 
1.8830000000e+03 , 
1.8840000000e+03 , 
1.8850000000e+03 , 
1.8860000000e+03 , 
1.8870000000e+03 , 
1.8880000000e+03 , 
1.8890000000e+03 , 
1.8900000000e+03 , 
1.8910000000e+03 , 
1.8920000000e+03 , 
1.8930000000e+03 , 
1.8940000000e+03 , 
1.8950000000e+03 , 
1.8960000000e+03 , 
1.8970000000e+03 , 
1.8980000000e+03 , 
1.8990000000e+03 , 
1.9000000000e+03 , 
1.9010000000e+03 , 
1.9020000000e+03 , 
1.9030000000e+03 , 
1.9040000000e+03 , 
1.9050000000e+03 , 
1.9060000000e+03 , 
1.9070000000e+03 , 
1.9080000000e+03 , 
1.9090000000e+03 , 
1.9100000000e+03 , 
1.9110000000e+03 , 
1.9120000000e+03 , 
1.9130000000e+03 , 
1.9150000000e+03 , 
1.9160000000e+03 , 
1.9170000000e+03 , 
1.9180000000e+03 , 
1.9190000000e+03 , 
1.9200000000e+03 , 
1.9210000000e+03 , 
1.9220000000e+03 , 
1.9230000000e+03 , 
1.9240000000e+03 , 
1.9250000000e+03 , 
1.9260000000e+03 , 
1.9270000000e+03 , 
1.9280000000e+03 , 
1.9290000000e+03 , 
1.9300000000e+03 , 
1.9310000000e+03 , 
1.9320000000e+03 , 
1.9330000000e+03 , 
1.9340000000e+03 , 
1.9350000000e+03 , 
1.9370000000e+03 , 
1.9390000000e+03 , 
1.9400000000e+03 , 
1.9410000000e+03 , 
1.9420000000e+03 , 
1.9430000000e+03 , 
1.9450000000e+03 , 
1.9460000000e+03 , 
1.9470000000e+03 , 
1.9480000000e+03 , 
1.9490000000e+03 , 
1.9520000000e+03 , 
1.9540000000e+03 , 
1.9560000000e+03 , 
1.9570000000e+03 , 
1.9580000000e+03 , 
1.9590000000e+03 , 
1.9600000000e+03 , 
1.9610000000e+03 , 
1.9630000000e+03 , 
1.9640000000e+03 , 
1.9650000000e+03 , 
1.9660000000e+03 , 
1.9670000000e+03 , 
1.9680000000e+03 , 
1.9690000000e+03 , 
1.9700000000e+03 , 
1.9710000000e+03 , 
1.9720000000e+03 , 
1.9730000000e+03 , 
1.9740000000e+03  
], 
 "y" : [ 
2.5000000000e+01 , 
2.7000000000e+01 , 
2.9000000000e+01 , 
3.0000000000e+01 , 
3.1000000000e+01 , 
3.2000000000e+01 , 
3.3000000000e+01 , 
3.7000000000e+01 , 
3.8000000000e+01 , 
3.9000000000e+01 , 
4.0000000000e+01 , 
4.2000000000e+01 , 
4.3000000000e+01 , 
4.4000000000e+01 , 
4.5000000000e+01 , 
5.0000000000e+01 , 
5.1000000000e+01 , 
5.5000000000e+01 , 
5.8000000000e+01 , 
6.0000000000e+01 , 
6.2000000000e+01 , 
6.3000000000e+01 , 
6.6000000000e+01 , 
6.9000000000e+01 , 
7.3000000000e+01 , 
7.5000000000e+01 , 
7.7000000000e+01 , 
8.1000000000e+01 , 
8.3000000000e+01 , 
8.6000000000e+01 , 
9.2000000000e+01 , 
9.6000000000e+01 , 
9.9000000000e+01 , 
1.0200000000e+02 , 
1.0500000000e+02 , 
1.0800000000e+02 , 
1.1300000000e+02 , 
1.1900000000e+02 , 
1.2300000000e+02 , 
1.2500000000e+02 , 
1.2600000000e+02 , 
1.2900000000e+02 , 
1.3000000000e+02 , 
1.3400000000e+02 , 
1.3700000000e+02 , 
1.4800000000e+02 , 
1.5700000000e+02 , 
1.6600000000e+02 , 
1.7000000000e+02 , 
1.7600000000e+02 , 
1.8400000000e+02 , 
1.8900000000e+02 , 
1.9200000000e+02 , 
1.9600000000e+02 , 
2.0100000000e+02 , 
2.0400000000e+02 , 
2.0800000000e+02 , 
2.1100000000e+02 , 
2.1700000000e+02 , 
2.2200000000e+02 , 
2.2900000000e+02 , 
2.3300000000e+02 , 
2.3800000000e+02 , 
2.4400000000e+02 , 
2.5000000000e+02 , 
2.6000000000e+02 , 
2.6400000000e+02 , 
2.7300000000e+02 , 
2.8000000000e+02 , 
2.8800000000e+02 , 
2.9300000000e+02 , 
2.9900000000e+02 , 
3.0300000000e+02 , 
3.0800000000e+02 , 
3.1100000000e+02 , 
3.1600000000e+02 , 
3.1900000000e+02 , 
3.2500000000e+02 , 
3.2900000000e+02 , 
3.3700000000e+02 , 
3.3900000000e+02 , 
3.4200000000e+02 , 
3.4300000000e+02 , 
3.4600000000e+02 , 
3.5200000000e+02 , 
3.5900000000e+02 , 
3.6700000000e+02 , 
3.8000000000e+02 , 
3.8500000000e+02 , 
3.9000000000e+02 , 
3.9300000000e+02 , 
3.9700000000e+02 , 
4.0000000000e+02 , 
4.0200000000e+02 , 
4.0400000000e+02 , 
4.0500000000e+02 , 
4.0600000000e+02 , 
4.0800000000e+02 , 
4.0900000000e+02 , 
4.1200000000e+02 , 
4.1500000000e+02 , 
4.1800000000e+02 , 
4.2200000000e+02 , 
4.2500000000e+02 , 
4.3100000000e+02 , 
4.3200000000e+02 , 
4.3500000000e+02 , 
4.3800000000e+02 , 
4.4000000000e+02 , 
4.4100000000e+02 , 
4.4200000000e+02 , 
4.4500000000e+02 , 
4.4600000000e+02 , 
4.4700000000e+02 , 
4.4800000000e+02 , 
4.5000000000e+02 , 
4.5100000000e+02 , 
4.5400000000e+02 , 
4.5500000000e+02 , 
4.5700000000e+02 , 
4.6400000000e+02 , 
4.7300000000e+02 , 
4.7500000000e+02 , 
4.7600000000e+02 , 
4.7800000000e+02 , 
4.7900000000e+02 , 
4.8100000000e+02 , 
4.8800000000e+02 , 
4.9000000000e+02 , 
4.9500000000e+02 , 
5.0000000000e+02 , 
5.0300000000e+02 , 
5.1200000000e+02 , 
5.1800000000e+02 , 
5.2400000000e+02 , 
5.2900000000e+02 , 
5.3100000000e+02 , 
5.3200000000e+02 , 
5.3800000000e+02 , 
5.4000000000e+02 , 
5.4300000000e+02 , 
5.4500000000e+02 , 
5.4700000000e+02 , 
5.4800000000e+02  
] 
} } 
